{
  "mse": 2.339602274664593e-05,
  "rmse": 0.004836943533539122,
  "mae": 0.0030377419301832066,
  "r2": 0.9997378437087232,
  "params": {
    "n_estimators": 50,
    "max_depth": 5
  }
}