{
  "mse": 1.7157075297154036e-05,
  "rmse": 0.004142110005438537,
  "mae": 0.00235056401792225,
  "r2": 0.9998077521432696,
  "params": {
    "n_estimators": 100,
    "max_depth": 10
  }
}